model,domain,difficulty,accuracy,n
reasoning,finance,easy,0.95,20
balanced,finance,easy,0.85,20
compact,finance,easy,0.75,20
reasoning,finance,hard,0.8333333333333334,6
compact,finance,hard,0.6666666666666666,6
balanced,finance,hard,0.3333333333333333,6
reasoning,finance,medium,0.8888888888888888,27
balanced,finance,medium,0.7407407407407407,27
compact,finance,medium,0.6666666666666666,27
reasoning,healthcare,easy,1.0,13
balanced,healthcare,easy,0.7692307692307693,13
compact,healthcare,easy,0.7692307692307693,13
compact,healthcare,hard,0.7,10
balanced,healthcare,hard,0.6,10
reasoning,healthcare,hard,0.5,10
reasoning,healthcare,medium,0.9,30
balanced,healthcare,medium,0.8,30
compact,healthcare,medium,0.6666666666666666,30
balanced,policy,easy,0.875,24
compact,policy,easy,0.875,24
reasoning,policy,easy,0.875,24
reasoning,policy,hard,0.7857142857142857,14
balanced,policy,hard,0.7142857142857143,14
compact,policy,hard,0.5,14
compact,policy,medium,0.8076923076923077,26
reasoning,policy,medium,0.6923076923076923,26
balanced,policy,medium,0.6538461538461539,26
reasoning,sql,easy,0.9047619047619048,21
compact,sql,easy,0.8571428571428571,21
balanced,sql,easy,0.7619047619047619,21
reasoning,sql,hard,0.7,10
balanced,sql,hard,0.5,10
compact,sql,hard,0.4,10
reasoning,sql,medium,0.7435897435897436,39
balanced,sql,medium,0.717948717948718,39
compact,sql,medium,0.6666666666666666,39
